Type,Body,Number of Comments,Number of Upvotes,Ratio of Upvotes,Submission ID,Parent ID,Date,url,Dining Hall
Post,"In light of recent posts, I wanted to share a classic gem from my experiences at Seasons last year. So there I am, sitting at the table facing the drink machines against the right wall as you walk in, and this student walks up to the cup rack. He grabs a cup from wide variety of options and proceeds to pour water into said cup. To this day, I have no idea what was going through this kid's head, but the mf whole ass *tosses the cup in the air* trying to flip it and catch it, but instead, he fails to grab hold after it comes back down and water goes fucking everywhere. To say I was struggling to retain my laughter would be an understatement. He proceeded to grab napkins, but the damage was doneâ€”whoever you are, I won't forget the day I watched you try and flip and catch a cup of water in Seasons for absolutely no fucking reason",3,48,0.96,jw7lnl,,11/17/2020,https://www.reddit.com/r/iastate/comments/jw7lnl/tales_from_the_dining_hall/,"Seasons Marketplace,"
Post,"I was eating at a table in UDCC as I usually do and a freshman (presumably) girl said ""is anyone sitting here?"" and then sat across from me.

This is wrong on several levels. First off, please spare me the question. I'm eating and don't want to talk with my mouth full. You and I can both see that no one is sitting there.

And second, have the decency to maximize the space between us. At least leave one seat. There is no need to be directly across from me. 

And then she glanced up at me several times after she sat down. Let me eat in privacy. I was so disgusted that I left without finishing my food. 

Freshmen, don't do this. ",18,0,0.35,9dvwtl,,9/7/2018,https://www.reddit.com/r/iastate/comments/9dvwtl/on_dining_hall_etiquette/,"Union Drive Community Center,"
Post,"Yo what the actual fuck is going on with the dining situation. I walked into Seasons and there was NOWHERE to sit and it was packed. They were still letting people in. Also they didn't have the side rooms open.

Just so frustrated with the situation because everything is packed and I deadass don't feel safe eating in there- I left without getting anything. 

Also it's like pulling teeth to get a takeout box there, they should be encouraging this shit instead of packing everyone into the hall to eat",17,29,0.79,ibjz9t,,8/17/2020,https://www.reddit.com/r/iastate/comments/ibjz9t/dining_halls/,"Seasons Marketplace,"
Post,Just legit broke my arm slipping down the stairs outside UDCC. F is all I ask for.,17,49,0.97,dsryl2,,11/6/2019,https://www.reddit.com/r/iastate/comments/dsryl2/careful_walking/,"Union Drive Community Center,"
Post,"I mean don't come to UDCC period, unless you're clinically insane, or have to because diddly squat otherwise is open on the weekend. Anyways, it's vinegar, with a side of pork, no exaggeration whatsoever. I can't feel my teeth. ",8,43,0.87,9i1wv1,,9/22/2018,https://www.reddit.com/r/iastate/comments/9i1wv1/psa_dont_get_the_pulled_pork_at_udcc_today/,"Union Drive Community Center,"
Post,"Convos always has like 2 hours of wait time, but that's ok because it's clearly the best. But what's second place?

[View Poll](https://www.reddit.com/poll/jg3qkw)",10,11,1,jg3qkw,,10/22/2020,https://www.reddit.com/r/iastate/comments/jg3qkw/of_the_dining_centers_that_are_easily_accessible/,"Conversations Dining,"
Post,"I was eating at Friley Windows today and one of the workers said over the radio,â€I understand the dish room is now a 1960's speakeasy.â€ I heard they might even serve Powermilk there!",2,18,0.85,kdx2md,,12/15/2020,https://www.reddit.com/r/iastate/comments/kdx2md/windows_dishroom_is_a_1960s_speakeasy_confirmed/,"Friley Windows,"
Post,"It all went downhill midway through the last semester, convos was serving the same things every day but we managed. Now I'm starting to see everything to go downhill, serving sizes are cut, it's the same food everyday and hours are shorter. There's no reason to cut garlic bread in half or serve us kids size slices of pizza. I just want some decent portions where I don't have to carry 10 plates.",14,30,0.91,l6jse3,,1/27/2021,https://www.reddit.com/r/iastate/comments/l6jse3/isu_dining_killed_convos_and_probably_the_rest_of/,"Conversations Dining,"
Post,"I see that we have a few dining halls close to Lyon (my dorm), Conversations, one at MU and another Get and Go east side.

I have enrolled into the Gold plan. Do I have access to all of these 3 places above? Is the food pretty ok at these location - do they have pizzas/pasta/wraps?

When it is super cold / snowing heavily outside, is there a limited food option within Lyon itself or do we have to go out to one of these 3 places? 

  
Finally, if you are a guy who likes pizzas/food, is the gold plan adequate to fill you up or are you going to have to hit the candy machines a couple hours after lunch?



  


  
",9,2,0.6,1e8bwtq,,7/20/2024,https://www.reddit.com/r/iastate/comments/1e8bwtq/lyon_and_dining_halls/,"Conversations Dining,"
Post,"Over the past 2 years of living in the Res halls, I have had nothing but bad experiences at Windows.

I get that it isn't a large dining hall, but the quality of the food isn't what it should be for a 2 year old dining hall. 

Windows has had major issues with:
-Serving raw or undercooked meat
-Incorrectly labeling food 
-Incorrectly or not listing allergens

Some other issues that are not as bad:
-Late night food is nothing but pizza and salad most of the time (problem for people with allergies) 
-Allergen free options are awful and mainly just vegan options

Compared to seasons, UDCC, and even Storms, it's sad to see a new dining center just not on par with any other dining center. 


/rant",15,17,0.87,d68qub,,9/18/2019,https://www.reddit.com/r/iastate/comments/d68qub/windows_is_the_worst_place_to_eat/,"Union Drive Community Center,Seasons Marketplace,Friley Windows,"
Post,does anyone know what's up with the paper plates at UDCC? seems to be a lot of avoidable waste but I also know there is a worker shortage issue which could also be the reason. I was at towers last year so I didn't spend much time at UDCC so idk if this isn't a new thing or not ,11,31,0.97,pgrcmq,,9/2/2021,https://www.reddit.com/r/iastate/comments/pgrcmq/udcc/,"Union Drive Community Center,"
Post,Has anyone else been noticing how the dining centers seem to be running out of food early in the day? There are multiple occasions where they dont have the food advertised on their menus because they ran out. I mostly eat at UDCC and windows so I'm not sure if it's just a problem there or if it happens  in other dining centers as well.,10,32,0.97,iwpgg6,,9/20/2020,https://www.reddit.com/r/iastate/comments/iwpgg6/food_shortages_at_dining_centers/,"Union Drive Community Center,Friley Windows,"
Post,Everyone is talking about how there are hardly any forks in seasons but does anyone know why there isn't any creamer at any of the dining halls?,10,8,0.76,9gl99r,,9/17/2018,https://www.reddit.com/r/iastate/comments/9gl99r/anyone_know_why_there_isnt_any_creamer_in_the/,"Seasons Marketplace,"
Post,"Four years ago convos had espresso machines, there were 3 sides per meal bundle, there were no such things as â€œflexâ€ meals, a meal swipe was a meal swipe. 

The next year they removed the espresso machines from convos, made meal bundles jump down to 2 sides per meal.

The next year they introduced flex meals - 35 per semester and the unlimited plans, while raising the prices of all the meal plans.

This year they lowered the amount of express meals, removed caribou, destroyed froots selection and renaming it â€œwhirlybirdsâ€, and lowered the amount of flex meals yet again, while introducing a cyflex plan for those who relied on flex meals.

Meal plans were pretty simple, a swipe was a swipe anywhere.  If you wanted to buy something that was a bundle, you'd use your dining dollars.

Now there's a lot of confusion, swiping in a friend subtracts from your dining dollars, limited flex meals, less amounts of food from bundles, and more.

So how does ISU lose money from this?  There are many meals that are left over from the fold plans at end of semesters.

It kind of feels like a huge scam, and there's not really anything the student body can do?",42,151,0.99,9rbsyq,,10/25/2018,https://www.reddit.com/r/iastate/comments/9rbsyq/how_can_isu_dining_every_year_cut_out_more_and/,"Conversations Dining,"
Post,"Freshman here. As per the DOR, we do not need to empty out our rooms during winter, so I'd assume there are no additional room charges for staying on during the winter break.

I guess that the campus empties out and it is pretty lonely and bleak during the winter break. For folks who do stay back, how do you get to dining halls in the snow, if at all they stay open. If not, do we just have to grab a bite at Convos? where else can we get a bite on campus? Do we just use our dining dollars?

Also, what do you do to stay sane when the campus empties out? Not that the campus is hopping currently.  
",12,29,0.9,1fsoakr,,9/30/2024,https://www.reddit.com/r/iastate/comments/1fsoakr/does_anyone_tough_it_out_on_campus_during_winter/,"Conversations Dining,"
Post,Whoever has been making the pizza at UDCC this week has been absolutely killing it! Mad props to this pizza maker,19,28,0.89,ajrv2s,,1/25/2019,https://www.reddit.com/r/iastate/comments/ajrv2s/udcc_pizza/,"Union Drive Community Center,"
Post,"I know Iowa State is considering many factors when it comes to reopening Conversations, but I want to make sure they know students want to see it back if possible. If you want to see Conversations reopened, sign the petition below!

[http://chng.it/jJDhXrZzVV](http://chng.it/jJDhXrZzVV)",4,30,0.89,n1n4jl,,4/30/2021,https://www.reddit.com/r/iastate/comments/n1n4jl/attention_dining_enthusiasts_join_the_petition_to/,"Conversations Dining,"
Post,"I tried going into friley windows today with my 2 friends. They both forgot their student ID so I asked to swipe my card 3 times to get us all in. I have done this many times before (example in UDM). This time they said there was an insufficient funds error. I am confused because don't the dining halls use meal swipes and not flex meals or dining dollars? I also got the same error at heaping plato yesterday.

I must give my thanks to the nice man that was able to let us in.",8,25,0.94,q7eu2d,,10/13/2021,https://www.reddit.com/r/iastate/comments/q7eu2d/meal_plan_insufficient_funds/,"Union Drive Community Center,Friley Windows,"
Post,"Here's a starter list

â€¢ Downtown Ames for cute local businesses, restaurants, the farmers market, well established bars, public art, Octagon Arts Center, and even the really nice library

â€¢ Campustown for student centered nightlife, dive bars, local businesses and restaurants. Clouds is an awesome coffee shop on the top level of Legacy Tower with great views of campus

â€¢ Somerset for a nice place to walk. It was intended to be another downtown environment, but most businesses are just financial services or clinics. However, The Cafe, Wallaby's, Brick Town, and El Azteca are all successful local restaurants worth visiting

â€¢ Campus is a great place to walk, see interesting architecture, find lots of public art funded by the Iowa Public Art For Public Buildings initiative, go to 3 great museums,, watch wildlife at Lake Laverne, go to live music events at the Memorial Union, go to college sports events, and enjoy the beauty of the four seasons, especially in April and October 

â€¢ Reiman Gardens for the indoor tropical butterfly enclosure, conservatory- especially during winter, the wonderful 12 or so different gardens with noticeable changes throughout the year, awesome events for Christmas and Halloween, and excellent rotating sculpture displays 

â€¢ Throughout town is a great bike trail system, part of the central Iowa trails. The trails connect most parts of the town and its parks system, which is also worth visiting for places like Ada Hayden Lake, Tedesco Environmental Learning Corridor, Moore Memorial Park, North River Valley Park at the whitewater rapids, and Inis Grove Park 

â€¢ Story County has lots of hiking trails, especially along the Skunk River Greenbelt. McFarland Park is quite nice, even found a natural 4' waterfall there. Most are managed by Story County Conservation, but even in Ames, public land for hiking can be found at Pammel Woods, Munn Woods, and Reactor Woods. Please treat these areas well if you go

â€¢ Lockwood Cafe and Reliable St are totally a hidden gem, with tons of artwork and cool graffiti on all sides of the building inside and out, an indoor skate ramp upstairs at WeCycle, great events like open mic night, outdoor movie showings, and they even had a passenger rail event to Boone. The surrounding grounds also have a small children's garden, really unique wooden play feature designed by architecture students, free community garden on a first come first serve basis, and free thrift store",10,75,1,1b5g6q6,,3/3/2024,https://www.reddit.com/r/iastate/comments/1b5g6q6/things_to_do_and_hidden_gems_in_ames/,"Seasons Marketplace,"
Post,i just got hired at seasons starting end of august and i keep seeing mixed feelings about the work experience. is it really that bad to work at seasons or is it just normal shitty dining job experience being like amplified ?,6,7,0.71,1eksuzx,,8/5/2024,https://www.reddit.com/r/iastate/comments/1eksuzx/whys_seasons_so_bad/,"Seasons Marketplace,"
Post,"So, I've been on campus for a couple of days and here's my review on the dining centers at ISU.

For food 
Windows>Seasons>UDCC

For ambience 
UDCC>Windows>Seasons

I heard that food goes downhill from the first two weeks so my review might change.

Side note: I'm vegetarian",20,18,0.91,wv8b2a,,8/22/2022,https://www.reddit.com/r/iastate/comments/wv8b2a/dining_spots_review/,"Union Drive Community Center,Seasons Marketplace,Friley Windows,"
Post,"Hi ISU community,

I'm an alumni (class of 2023) and I used to work in Convos from 2020-2021. I remember that they used to make this creamy potato soup with bacon bits in it, and every time that soup was available, I'd get it with my free meal. I am now far away from ISU and I specifically miss this soup, and I never got the recipe since the guy making it was very light lipped about it. Does anyone know the recipe for this soup or have found a recipe similar to the one from Convos? As we are now in soup season, I'd love to make it for myself. ",1,15,0.95,1frtcr8,,9/28/2024,https://www.reddit.com/r/iastate/comments/1frtcr8/convos_creamy_potato_soup_recipe/,"Conversations Dining,"
Post,"I've eaten at seasons, convos, and UDM, and I haven't seen any ice cream save for the packaged stuff.",3,16,1,wuyu3j,,8/22/2022,https://www.reddit.com/r/iastate/comments/wuyu3j/where_did_the_ice_cream_go/,"Union Drive Community Center,Seasons Marketplace,Conversations Dining,"
Post,"I was skeptical at first yet it exceeded my expectations. Shoutout all the homies at Seasons who worked their asses off. 

Presentation: I was pleasantly surprised when I saw my spread of wonderful Thanksgiving classics. Turkey - decent portion size, lean and carved right in front of you at Wood Grill. Carrots - seasoned well but lacking some major roasting. Yukon mashed potatoes - basic. Gravy - wasn't very promising. Cranberry Relish - cute little portion size, typical. Pumpkin pie - perfect amount of whipped cream, looked great! Cornbread â€dressingâ€œ - Itâ€˜s called stuffing but ok...looked unreasonably moist. Powermilk - ok Iâ€˜m just messing around. 

Flavor & Texture: This is obviously the most important category. I was both satisfied and disappointed. Let's start with some sides. Cranberry Relish - good flavor but you know it comes from a can. Carrots - disappointing, very soft and sweet yet cold and flavorless. Cornbread dressing - So good. I actually really enjoyed the classic stuffing flavor and texture was just right! Now for the bulk of the meal...Yukon mashed potatoes - quite natural taste, barely any seasoning but that's what gravy is for. Gravy - tasteful, warm, scrumptious. Turkey - lean and tasty, quite dry but then again gravy. Pumpkin pie - delicious, and accompanied my meal perfectly. 

I can honestly say I was fulfilled with this meal. It really shocked me how well Seasons and presumably the other dining halls did with this. As I walked past the overflowing dish line, praying for my poor coworkers, I reflected on my meal and smiled a little with a sense of nostalgia and happiness that I got to have a somewhat normal Thanksgiving.

Presentation: 8/10
Flavor: 7.5/10
Texture: 6/10

Overall: 7.16/10",3,49,0.96,jxfqbp,,11/19/2020,https://www.reddit.com/r/iastate/comments/jxfqbp/my_honest_and_in_depth_review_of_thanksgiving/,"Seasons Marketplace,"
Post,"They don't have much variety, but I feel like the food quality is better than the likes of UDCC. It also looks pretty nice.",3,3,0.62,6v4bbq,,8/21/2017,https://www.reddit.com/r/iastate/comments/6v4bbq/what_do_you_think_of_friley_windows/,"Union Drive Community Center,"
Post,"I live in SUV and been buying a mix of meal blocks and some dining dollars for the past few semesters which worked perfectly for a random lunch on campus and a few things from the C-Store here and there, but then started to really think about it. 



When using a meal for Froots, Hawthorne or Clyde's, you're actually loosing money every time. I used to buy a 50 meal block, which was roughly $10.50 a meal, but a typical bundle at Clyde's or Hawthorne is like $8-$9, so you're losing ~$2 every meal you use. When using a bundle for Froots, you're spending $10.50 on a $6 smoothie, losing even more. The only instance where you're not losing money would be at Seasons/UDCC/Conversations where a meal cost $11 but if you buy enough Dining Dollars, you get a discount though, so even that evens out for the same cost.



So overall, you're going to save money on pretty much any meal bundle you use, have more freedom for your meals (Don't have to get 2 sides or can get whatever you want from the C-Store for a ""side"" instead for pretty much same price), and have the ability to use those extra dining dollars on whatever the hell you want.




In this post I use estimates, but I actually spent some time going through the actual numbers comparing a 50 meal block to equivalent dining dollars and the math checks out. This might not be true for the 25 meal blocks, but it should be even if anything. Also, the prices for blocks/DD can change so this might not be true for future years. Double check the math if you're hesitant and you should come to the same conclusion, just trying to help people out with this advice.",7,44,0.98,5797mz,,10/13/2016,https://www.reddit.com/r/iastate/comments/5797mz/for_those_of_you_buying_meal_blocks_dont_buy/,"Union Drive Community Center,Seasons Marketplace,Conversations Dining,"
Post,"Just a reminder that conversations is open with to go orders. Just use the GET app on your phone to place the order then come and pick it up at the time that you specify.

We have been super slow these past few days and have all been really bored, and would love the orders.",14,30,1,i63stv,,8/8/2020,https://www.reddit.com/r/iastate/comments/i63stv/reminder_conversations_is_open/,"Conversations Dining,"
Post,So I recently moved in and started using the chair that came with the dorm. That was  a mistake it hurts like hell so I bought myself a chair and now I'm worried that I'll never get it because I sent it specifically to my dorm room instead of UDCC. Will I still get it?,6,4,0.84,d01u0d,,9/5/2019,https://www.reddit.com/r/iastate/comments/d01u0d/if_i_sent_a_package_to_my_specific_dorm_room/,"Union Drive Community Center,"
Post,"What the H\*CK is up with Windows ice? It used to be the good kind like you get at Chick-Fil-A and now it's just normal ice :/... If you work at Windows plz give me the deets to this horrible transition or tell your higher ups to go back to the way it used to be :,(

Thank you for your time",7,12,0.85,ezgbci,,2/5/2020,https://www.reddit.com/r/iastate/comments/ezgbci/i_told_myself_not_to_say_it_but_imma_say_it/,"Friley Windows,"
Post,"Today UDCC has no seating as the entire rear section is closed for a 'campus event'.  

Way to look out for current student, some of which are forced to pay to eat at Dining centers. 

I also thought the upper level was used 'campus events' but I guess not.

ISU Dining has, is and always will be an over-bloated, taxpayer funded, poorly managed, waste of money part of the university. 

/rant",4,16,0.68,e04bwa,,11/22/2019,https://www.reddit.com/r/iastate/comments/e04bwa/isu_dining/,"Union Drive Community Center,"
Post,"PSA for ISU dining: please stop putting raisins in the taco meat at windows, Thank you",10,85,0.97,mhy2fs,,4/1/2021,https://www.reddit.com/r/iastate/comments/mhy2fs/windows_taco_meat_with_raisins/,"Friley Windows,"
Post,"Starting this upcoming Monday (unless something happens to change in the next few days), students will be entering into Convos to get their food. You will still order it through the app like before, but instead of standing outside in the cold you will be able to wait inside. 

You will not be able to eat inside the facility, masks must be worn at all times, and you will be expected to follow social distancing guidelines. 

I don't have all the information but if anyone has any questions let me know and I can try and answer them. 

*Disclaimer - I'm just a normal dining employee and not making an official statement for ISU Dining*",0,18,0.9,j3hwck,,10/1/2020,https://www.reddit.com/r/iastate/comments/j3hwck/beginning_monday_october_5th_you_will_be_entering/,"Conversations Dining,"
Post,"Lately the dining halls (at least Convos and Seasons) have been lacking compared to last semester. I've noticed that it seems like they serve the same thing multiple times a week. Especially Convos. That used to be the dining hall I could rely on to have something no matter what, but lately they've been pretty hit or miss. Is anyone else noticing this decline? Or is this a normal way to feel after winter break?

Additionally, if this is the case, will the food choices/quality get better as more and larger tour groups start to come in? 

I am hurt, mostly because they have not served scotcharoos since last semester, and that was what was keeping me going.",13,28,0.98,apnr9l,,2/11/2019,https://www.reddit.com/r/iastate/comments/apnr9l/the_great_dining_hall_conspiracy/,"Seasons Marketplace,Conversations Dining,"
Post,"Like the title says, did the UDCC pasta menu permanently get rid of garlic shrimp? I haven't seen them at all recently",3,0,0.4,1ghd3et,,11/1/2024,https://www.reddit.com/r/iastate/comments/1ghd3et/did_udcc_get_rid_of_garlic_shrimp/,"Union Drive Community Center,"
Post,Seasons got more forks today y'all. Better up the fork-stealing game so you can complain about not having forks. ,1,32,0.85,9f9wws,,9/12/2018,https://www.reddit.com/r/iastate/comments/9f9wws/guess_what_forks/,"Seasons Marketplace,"
Comment,"I just ate there. Yeah I agree, not much variety kind of like Conversations. I hope the other stuff on their menu is more varied since they basically just had meat, rice, and pizza today.",0,4,,6v4bbq,t3_6v4bbq,8/21/2017,/r/iastate/comments/6v4bbq/what_do_you_think_of_friley_windows/dlxl3ft/,"Conversations Dining,"
Comment,"There was almost a line out the door at UDCC a couple nights ago, and they were still letting people in. I've just been going to Windows and getting to-go boxes from there since they make them pretty accessible.",1,5,,ibjz9t,t3_ibjz9t,8/17/2020,/r/iastate/comments/ibjz9t/dining_halls/g1x2h2h/,"Union Drive Community Center,Friley Windows,"
Comment,"I have worked at seasons for the last three years. I can tell you, we serve the same foods on a two week rotation. If this is your first year in the dorms, you are just now losing that ""oh wow it's an all you can eat dream"" feeling you had at the beginning. I've been eating the same food for three years. I only like it cuz it's free. ",1,11,,apnr9l,t3_apnr9l,2/11/2019,/r/iastate/comments/apnr9l/the_great_dining_hall_conspiracy/ega18l7/,"Seasons Marketplace,"
Comment,"Seasons in the maple-willow-larch commons is a traditional dining hall and will have both pizza and pasta every day, though I think the pizza there sucks and the pasta is just ok. Conversations is a get and go place and will have wraps, but I have never had them. I remember them also having pizza a few nights. 

Your dorm likely won't provide food on days it is super cold/snowy and you'll have to go out. I would expect maybe a couple events a month in your dorm where you could get free food if you show up. My friends and I have gotten whole boxes of pizza showing up to events where very little people came. 

I think most people on the gold plan get by just fine. If you're super worried about not having enough food, you could get the cardinal plan. It's $150 more a semester but you will have unlimited meal swipes. You can go into a dining hall at any time they are open and grab a small snack and leave. It really just comes down to your eating habits.",0,7,,1e8bwtq,t3_1e8bwtq,7/20/2024,/r/iastate/comments/1e8bwtq/lyon_and_dining_halls/le69ctc/,"Seasons Marketplace,Conversations Dining,"
Comment,I overheard people at windows talk about how orders aren't being increased despite the new takeout option increasing demand significantly. Might be both management not accounting for it as well as supplier limitations.,1,16,,iwpgg6,t1_g628bg9,9/20/2020,/r/iastate/comments/iwpgg6/food_shortages_at_dining_centers/g62aeo8/,"Friley Windows,"
Comment,The new UDCC rice bowl station is the worst thing that's ever happened at this university,0,3,,apnr9l,t3_apnr9l,2/12/2019,/r/iastate/comments/apnr9l/the_great_dining_hall_conspiracy/egbbubf/,"Union Drive Community Center,"
Comment,">Are you seriously doubting a college kids ability to get 2.6k calories with one all you can eat buffet every single day? 

In a healthy way, yes. The majority of healthy foods are not very calorie dense, so it's difficult, but not impossible to get enough calories in one meal when you're solely eating healthy. Think three large plates of food in one sitting. Is this something you've actually done yourself? I've eaten one meal per day before, and I either had to spend an annoying long time eating the meal, or I had to eat snacks during the day to lessen the meal beforehand.

>And I still can't grasp how you think that an all you can eat buffet twice a day is going to be 100% super healthy whereas any other meal someone eats at any other location is going to be super unhealthy. 

Stop putting words in my mouth. The other places you've been mentioning are fast food places, so that's what I was responding to. I think you need to read up on nutrition. The UDCC has lots of unhealthy options, but if you avoid those, it actually has lots of healthy options that would actually be somewhat expensive to buy yourself, including organic apples, blueberries, steak, etc.

",0,1,,4csd5v,t1_d1lharz,4/1/2016,/r/iastate/comments/4csd5v/how_are_foods_from_isu_dining_hall/d1lhpjo/,"Union Drive Community Center,"
Comment,"All right, the issue is fixed. For some reasons, they decided to remove ALL of the bar names (i.e: Cardinal Canteen @ UDCC). I added a safety net incase this happens again, so the bot doesn't off itself like it did.",1,1,,ljfg0o,t1_gnk5yms,2/15/2021,/r/iastate/comments/ljfg0o/isu_dining_bot/gnki345/,"Union Drive Community Center,"
Comment,">I miss the UDCC. Freakin amazing.

For the first 2 weeks that is.",0,1,,t2f3g,t1_c4j1757,7/23/2012,/r/iastate/comments/t2f3g/monthly_steak_at_udcc/c5iftc5/,"Union Drive Community Center,"
Comment,if you voted udcc you have no tastebuds,0,16,,jg3qkw,t3_jg3qkw,10/22/2020,/r/iastate/comments/jg3qkw/of_the_dining_centers_that_are_easily_accessible/g9odqu1/,"Union Drive Community Center,"
Comment,"I had a meal plan at udcc 4-5 years ago. I seem to remember that They had steak once a week, but not cooked to order. It was always way over cooked. They also sometimes had hot wings or popcorn shrimp. You can check the menus online. I never knew about the ""deluxe"" meal option",0,1,,t2f3g,t3_t2f3g,5/1/2012,/r/iastate/comments/t2f3g/monthly_steak_at_udcc/c4j0mpx/,"Union Drive Community Center,"
Comment,"Udcc or friley windows. It's best to look at their menus before hand and choose accordingly, since they are so close together.",0,7,,1e939mz,t3_1e939mz,7/21/2024,/r/iastate/comments/1e939mz/best_dining_centers_on_campus/lebqppr/,"Union Drive Community Center,Friley Windows,"
Comment,"They sure do have an interesting way of going about that. Clyde's was renovated over the summer, they are renovating the place by Park's, and they rebuilt Friley Windows in 2017.",3,65,,9rbsyq,t1_e8fmyof,10/25/2018,/r/iastate/comments/9rbsyq/how_can_isu_dining_every_year_cut_out_more_and/e8foh4z/,"Friley Windows,"
Comment,I work at UDM and you literally just have to ask for a to-go box. What do you mean it's like pulling teeth? They can't leave anything out like that for obvious reasons.,1,24,,ibjz9t,t3_ibjz9t,8/17/2020,/r/iastate/comments/ibjz9t/dining_halls/g1w575b/,"Union Drive Community Center,"
Comment,"It's definitely needed. There were  consistent 2 hour periods during lunch and dinner when I could not hardly find anywhere to sit at UDCC.

Now the traffic is split and it's way more convenient.",1,4,,76w7yc,t1_doh7k7x,10/17/2017,/r/iastate/comments/76w7yc/working_at_dining_halls/doh9h6i/,"Union Drive Community Center,"
Comment,"UDCC sucks my dick, all I can remember is underwater spaghetti and ice cream machine broke

Windows is very good in comparison",1,1,,d68qub,t3_d68qub,9/18/2019,/r/iastate/comments/d68qub/windows_is_the_worst_place_to_eat/f0qux49/,"Union Drive Community Center,Friley Windows,"
Comment,"that's right when it starts to pick up. windows is less busy by then from what i remember. i'd go closer to six to be safe. i'll also note that windows is open until 11, so if you eat at six or something and have an unlimited plan, you can go again later if you get hungry.",1,10,,1i5cka3,t1_m82nwzu,1/19/2025,/r/iastate/comments/1i5cka3/least_busiest_times_in_dining_halls/m838r7q/,"Friley Windows,"
Comment,Windows is full of bugs ,2,8,,ajrv2s,t1_eey71n8,1/25/2019,/r/iastate/comments/ajrv2s/udcc_pizza/eey7xbh/,"Friley Windows,"
Comment,"""Where's the Scotcharoos Lebowski!?!"" No but really I eat at UDCC and I can tell there has been a 100% change in food. They used to let us have as much orange chicken as we wanted, now it's rice bowls that come with 3 pieces of meat. The food station in the middle used to grill flank steak and other different types of meat, now it's just mushy vegetables that have been sitting out all day. I have no doubt that this has all been done as a way to cut costs and it infuriates me because the food they serve has nowhere near the value of the $10 meal swipe I pay with. Where's the food at udicc?",1,19,,apnr9l,t3_apnr9l,2/11/2019,/r/iastate/comments/apnr9l/the_great_dining_hall_conspiracy/egaezo5/,"Union Drive Community Center,"
Comment,"It used to be that you would get a couple premium meals per semester which would include a steak, scallops, or a stuffed portebella mushroom. This has been discontinued since last year.

I am one of the student managers at UDCC currently",3,7,,t2f3g,t3_t2f3g,5/1/2012,/r/iastate/comments/t2f3g/monthly_steak_at_udcc/c4j0y1x/,"Union Drive Community Center,"
Comment,"ISU Dining is surprisingly receptive to feedback from individual people. I know a couple things that changed directly due to my feedback. And when I had an issue with undercooked meat, they seemed to take proper steps to avoid doing it again (at Convos). And I don't know how many people were wanting to keep the Bronze meal plan, but they dragged that grandfathering plan out much longer than initially stated.",1,11,,d68qub,t1_f0qym0h,9/19/2019,/r/iastate/comments/d68qub/windows_is_the_worst_place_to_eat/f0r5n5n/,"Conversations Dining,"
Comment,"I hate that i have to wait like 3 hours when i order something at convos. At that point, why bother",0,3,,l6jse3,t3_l6jse3,1/28/2021,/r/iastate/comments/l6jse3/isu_dining_killed_convos_and_probably_the_rest_of/gl3781y/,"Conversations Dining,"
Comment,RIP convos,0,17,,jg3qkw,t3_jg3qkw,10/22/2020,/r/iastate/comments/jg3qkw/of_the_dining_centers_that_are_easily_accessible/g9oc31z/,"Conversations Dining,"
Comment,"it's always the few who speak out who speak for the many who don't. 
that said I have spoken out when I didn't like the hours available in union drive neighborhood and was surprised at how quick the change was.

Plenty of people seem to speak out against cost...",0,1,,9rbsyq,t1_e8gcquk,10/25/2018,/r/iastate/comments/9rbsyq/how_can_isu_dining_every_year_cut_out_more_and/e8gukzq/,"Union Drive Community Center,"
Comment,"I graduated and really my only experience with the dining hall was 4.5 years ago, but this is how I believe it goes. My experience is with UDCC so I cant speak to seasons or the other centers. I believe with your meal plan you are allowed 1 or 2 deluxe meals. I think you just take your id up to the station county cuisine and they will ask you which meals of the day they are offering. Usually takes about 10-15min. Hope this is correct! good luck!",0,2,,t2f3g,t3_t2f3g,5/1/2012,/r/iastate/comments/t2f3g/monthly_steak_at_udcc/c4iypvz/,"Union Drive Community Center,Seasons Marketplace,"
Comment,Seasons is a nightmare,0,4,,l6jse3,t1_gl1q107,1/27/2021,/r/iastate/comments/l6jse3/isu_dining_killed_convos_and_probably_the_rest_of/gl1q6rl/,"Seasons Marketplace,"
Comment,"Lyon is the best dorm! I went to seasons for dinner every day, and lunch is just whichever dining center I was close to at the time, and convos on weekends. You still have to walk to the dining centers even on days when everything is closed because of cold/snow/ice but college students are generally pretty durable so it isn't a big issue.",0,1,,1e8bwtq,t3_1e8bwtq,7/22/2024,/r/iastate/comments/1e8bwtq/lyon_and_dining_halls/ledvjgc/,"Seasons Marketplace,Conversations Dining,"
Comment,I think that's pretty common with on campus dining places cause I also encountered that at UDCC. I actually really like riley windows especially cause they have a lot more healthy options.ðŸ¤·ðŸ½â€â™€ï¸,0,3,,d68qub,t3_d68qub,9/18/2019,/r/iastate/comments/d68qub/windows_is_the_worst_place_to_eat/f0qtv30/,"Union Drive Community Center,Friley Windows,"
Comment,The cups at windows are too small,0,6,,d68qub,t3_d68qub,9/19/2019,/r/iastate/comments/d68qub/windows_is_the_worst_place_to_eat/f0t22rf/,"Friley Windows,"
Comment,Windows has quality non fried food. However I have had problems with them mislabeling food as well. Labeled peanut butter chocolate chip cookies as just chocolate chip... that's dangerous,1,14,,d68qub,t3_d68qub,9/19/2019,/r/iastate/comments/d68qub/windows_is_the_worst_place_to_eat/f0s0zi0/,"Friley Windows,"
Comment,"I actually did not like Convos very much. The location and setup was good, but I struggled to find good hot vegetarian meals. I like Windows a lot better for that. If Convos were to have more vegetarian and nutritious hot options, I would like it a lot more.",0,-3,,n1n4jl,t3_n1n4jl,4/30/2021,/r/iastate/comments/n1n4jl/attention_dining_enthusiasts_join_the_petition_to/gwfufp6/,"Conversations Dining,Friley Windows,"
Comment,"It still happens at seasons, and convos is only a short walk over. There will always be lunch/dinner rushes when the enrollment is this high. ",1,1,,76w7yc,t1_doh9h6i,10/17/2017,/r/iastate/comments/76w7yc/working_at_dining_halls/dohb1vv/,"Seasons Marketplace,Conversations Dining,"
Comment,I lived in Lyon (old RCA) and it wasn't that bad.  Closer than MWL but not by much.  I would have prefered MWL though since it has nicer places to study and more people to study with. I also lived in Friley but I don't think it was a big advantage.  Helser is kind of old and run-down but that might be an option if you really wanted to live on union drive.  my friend lived there. it wasn't so bad,0,3,,ubgx2,t3_ubgx2,5/29/2012,/r/iastate/comments/ubgx2/future_cyclone_with_housing_problemquestion/c4ty0g7/,"Union Drive Community Center,"
Comment,Thoughts on convos?,1,2,,d68qub,t3_d68qub,9/18/2019,/r/iastate/comments/d68qub/windows_is_the_worst_place_to_eat/f0qv112/,"Conversations Dining,"
Comment,Convos is shit,0,-5,,d68qub,t1_f0qv112,9/19/2019,/r/iastate/comments/d68qub/windows_is_the_worst_place_to_eat/f0qyy6l/,"Conversations Dining,"
Comment,"Windows in the mid-afternoon between the lunch and dinner times. UDM early in the morning when they open for breakfast, end of lunch time before they close, or right when they open for dinner.",1,9,,1i5cka3,t3_1i5cka3,1/19/2025,/r/iastate/comments/1i5cka3/least_busiest_times_in_dining_halls/m82naax/,"Union Drive Community Center,Friley Windows,"
Comment,"I mean, vinegar's pretty good at making things better, but yeah, ""don't come to UDCC"" is good advice.",0,5,,9i1wv1,t3_9i1wv1,9/22/2018,/r/iastate/comments/9i1wv1/psa_dont_get_the_pulled_pork_at_udcc_today/e6gixjc/,"Union Drive Community Center,"
Comment,">Where are you storing all this food?

I'm saying as a last resort, it shouldn't happen often. Or just eat the sandwich and store the sides, like the apples and yogurt.

>That's every single meal every week if you eat your own breakfast.

I dunno, maybe you are short and don't need to eat much. Certainly if you lift weights and are active, it's normal to eat roughly 2.6k cal a day. And I don't see any cheaper way to do this than eat two large meals at the UDCC.

The only cheaper way would be to buy groceries for snack items, but apparently you can't do that.",1,1,,4csd5v,t1_d1lgwmb,4/1/2016,/r/iastate/comments/4csd5v/how_are_foods_from_isu_dining_hall/d1lh7ue/,"Union Drive Community Center,"
Comment,"Going to the HyVee from Friley takes 11 minutes on the bus. After one trip you can get all the snacks you need for a month.

>And your advice is to eat two or three times a day at an all you can eat buffet! That's not going to be healthy or cost effective. 
You've been advocating snacking on fast food, pizza, chips, pop, all things that at are terrible for your health.
The UDCC's food is very healthy, provided you eat the right things.

I had club meetings, study sessions, parties, etc. that I went to as a freshman, the thing you do is simply plan ahead and eat your meals around them, because (as I have been saying) the amount of food you get from those engagements is never very substantial. If you have too many meals, you can get a to go meal and store it for later.

So the more meals you get per week, the smaller the meal will be, but the cheaper it will also be. So 14 meals would be fine, because you could store any extra meals in your fridge. Therefore no need for extra snack food.

>There is nothing more expensive than an unused meal swipe. 

Not buying enough, and having to buy more at a greater price is more expensive. Eating lots of fast food and getting heart disease is even more expensive.",0,0,,4csd5v,t1_d1lejh9,4/1/2016,/r/iastate/comments/4csd5v/how_are_foods_from_isu_dining_hall/d1lgbb4/,"Union Drive Community Center,"
Comment,"It's unnecessary indeed. But i actually think it's better than UDCC. Yes, less variety of food. But they're better quality. And that ice cream is so good!",0,1,,76w7yc,t1_doh7k7x,10/17/2017,/r/iastate/comments/76w7yc/working_at_dining_halls/doh8x19/,"Union Drive Community Center,"
Comment,"Yes, the Get and Go order from Conversations (and the UDCC) will count as a normal meal swipe. If you have the unlimited meal plan then you are limited to 10 to go meals a week",1,1,,i63stv,t1_g0ymtos,8/10/2020,/r/iastate/comments/i63stv/reminder_conversations_is_open/g0zo70s/,"Union Drive Community Center,Conversations Dining,"
Comment,"I work at Seasons, stop fuckin' voting for it. Windows numba 1",2,2,,jg3qkw,t3_jg3qkw,10/22/2020,/r/iastate/comments/jg3qkw/of_the_dining_centers_that_are_easily_accessible/g9pajzn/,"Seasons Marketplace,Friley Windows,"
Comment,What no I don't go to UDCC,0,5,,9dvwtl,t1_e5khh23,9/7/2018,/r/iastate/comments/9dvwtl/on_dining_hall_etiquette/e5kl9lw/,"Union Drive Community Center,"
Comment,"Dining halls start good then go downhill until the year is over.

They will start serving the same foods from a 2 week rotation, to a 1 week, then the same food will creep up almost daily.

My freshman year, UDCC had a unique menu every day in the 2 week rotation. It slowly went down, and by April they were literally serving burgers and fries for dinner every day. (Please bring that back, I like burgers, and bring back the curly fries while you're at it). Of course there was other food on the side, but the menu selection went down fast.",0,8,,apnr9l,t3_apnr9l,2/12/2019,/r/iastate/comments/apnr9l/the_great_dining_hall_conspiracy/egai7iw/,"Union Drive Community Center,"
Comment,"Except in that windows pizza where they won't give you more than 4 slices, this has happened to me when I am the only person in line, so it isn't a line thing.",0,5,,l6jse3,t1_gl1el2e,1/27/2021,/r/iastate/comments/l6jse3/isu_dining_killed_convos_and_probably_the_rest_of/gl1sdnq/,"Friley Windows,"
Comment,Just make sure to keep checking AccessPlus if you want to switch to Union Drive and you should find something.  I was assigned to Willow my Freshman year and ended up finding an opening in Helser a week before move-in.,0,2,,ubgx2,t3_ubgx2,7/3/2012,/r/iastate/comments/ubgx2/future_cyclone_with_housing_problemquestion/c58uslu/,"Union Drive Community Center,"
Comment,"The MU one is a food court with various choices ranging from pateries to salads to pizza to chicken etc. If i remember correctly it closes earlier than dining centers and was rarely open on weekends. Panda Express in the mu is open later but very limited hours on weekends. 

I last lived on campus in 2020 so this may be changing but Conversations (convos) is in the basement of oak/elm and is get and go only. Their menu is mostly chicken tenders, fries, burgers etc. 

The big dining center on east side is Seasons in the middle of Maple Willow Larch. Menu is on a 2-3week rotation. Dining center food is amazing first semester for freshman then you get sick of it. Seasons has a ton of options. I miss the weekend brunch menu. 

If it's cold you have to tough it out and go somewhere. I always stashed snacks and microwave meals in my room. Dorms dont cater to students buildings in the cold. Your meal plan depends on how much you plan on eating. I always had classes through lunch so I had a ton of swipes leftover. It's common to not use your entire meal plan as that's how ISU makes money.",0,7,,1e8bwtq,t3_1e8bwtq,7/20/2024,/r/iastate/comments/1e8bwtq/lyon_and_dining_halls/le6isaf/,"Seasons Marketplace,Conversations Dining,"
Comment,"Udcc is fine, wth you talking about",0,-6,,9i1wv1,t3_9i1wv1,9/22/2018,/r/iastate/comments/9i1wv1/psa_dont_get_the_pulled_pork_at_udcc_today/e6gezw7/,"Union Drive Community Center,"
Comment,">I make $15 compared to something like $8.60 for a black shirt and like $10.20 for a red shirt.

I guess I assumed you were a 'red shirt'.  What is the difference between what you are and a red shirt?

NO MORE BIG EVENTS?? Wow.  That's sad!  I thoroughly enjoyed both the circus and Mardi Gras.  Also went to the Baseball one at Conversations.  I mostly loved them because of the awesome food they served.  Really sad to hear that they aren't doing it anymore.",1,1,,t2q23,t1_c4keo2j,5/5/2012,/r/iastate/comments/t2q23/iama_udcc_student_manager_ama/c4km6ph/,"Conversations Dining,"
Comment,"Windows was closed today too, and I believe Convos was as well.",0,6,,e04bwa,t1_f8c4sli,11/23/2019,/r/iastate/comments/e04bwa/isu_dining/f8dkysd/,"Conversations Dining,Friley Windows,"
Comment,"A lot of people seem to think that ISU is acting like it's making money for shareholders or something. State schools are non-profit so its not like anyone is making a profit off owning it.

I'd guess that they have to make up money in places they have control over to offset that which they dont. The Iowa Legislature took away 4.5 million dollar from ISU (and Iowa I think) because they claimed they didnt have the budget for it. Not to mention the 4.5 million was taken back after it was given to ISU, so ISU was effectively in debt to the Legislature.

Its supposedly a zero sum game.

Most professors haven't gotten inflation raises for a while or other raises afaik. Additionally there have been a lot of new hires in departments that are growing quickly like Engineering, which doesnt help the budget (even though this is departmental, but the school as a whole kind of shares money but its complicated and has to do with research money etc.)

And there are other factors fo how funding works. Money donated to the school through private donors are required to be attached to a project or service. So when the football team got a donation for new helmets (not sure if that is a thing, but just as an example), that money couldn't be used for anything other than football equipment.

A lot of contracts for restaurants also ended, like Subway and Caribou. When the contract was done ISU dining decided it was cheaper to operate their own, that's why the MU is completely different and why the Hub is being renovated.

I agree the food isnt as good as it's used to, I especially miss Convos late night bundles. I am just trying to suggest possible reasons for why its happening.

I also agree it feels like a rip, especially since he required meal plans on campus.

I'd be more angry about how much spending is ultimately mishandled by people and if that is leading to monetary issues in the school.

Sorry for the long post, this is just some of the things I have heard from professors and other people who work as ISU.
",2,45,,9rbsyq,t3_9rbsyq,10/25/2018,/r/iastate/comments/9rbsyq/how_can_isu_dining_every_year_cut_out_more_and/e8fsf71/,"Conversations Dining,"
Comment,"The Starbucks in udcc isn't a corporate store so they're employed under ISU dining I think. None of the corporate Starbucks in Ames are unionized however Starbucks did just raise its minimum wage to around $15 an hour I believe.

Daytime diner is a great place to grab a drink!",1,15,,xz1wsz,t3_xz1wsz,10/8/2022,/r/iastate/comments/xz1wsz/iowa_state_starbucks_unionized/irkbg0a/,"Union Drive Community Center,"
Comment,"I was in Linden my freshman year (18-19) and seasons was the main spot for me. They had 4 main islands then. Convos was also a traditional dining hall but I heard this has changed since covid. If you are on the other side of campus for classes, Friley windows is hit or miss depending on the day of the menu, and union drive clmmunity center upstairs seems to change every couple of years but has be on the up&up lately. 

You also dont get kicked out of the dining halls between meal changes (lunch->dinner) so you can just do homework or something in there for a few hours if you want",1,3,,1e8bwtq,t3_1e8bwtq,7/20/2024,/r/iastate/comments/1e8bwtq/lyon_and_dining_halls/le6o1wd/,"Union Drive Community Center,Seasons Marketplace,Conversations Dining,Friley Windows,"
Comment,"I thought Windows had pretty high quality food most of the time. Though, they did serve chicken that was pink inside a couple times",0,3,,ibjz9t,t1_g1y46zq,8/18/2020,/r/iastate/comments/ibjz9t/dining_halls/g1yiqmr/,"Friley Windows,"
Comment,"Try Powermilk today - the power drink for the whole family! Powermilk is made from the finest Powerade and chocolate milk ISU dining has to offer. One sip of Powermilk will get you the power you need to get through the toughest challenge.

Don't believe me? The first time I tried Powermilk, and I was able scale the Campanile, take a Calc III exam remotely and grab a goose as it flew by, all before jumping down in front of a group of touring students. The man leading the group slowly turned, gave a little chuckle, and said ""That's a lot of power!"" I looked up past his bushy beard and saw that it was Steve Butler himself! He instantly gave me an A in not only Calc III, but in all the previous Calculus classes I had ever taken. Feeling powerful, I let go of the goose and galloped back to Friley Windows for another sip. 

After trying Powermilk, you will never need any other form of sustenance. That's the Powermilk Promise!

Powermilk currently comes in two irresistible flavors - Blue-brown and Red-brown. They both taste as good as they sound, so grab a glass today!",2,100,,jw0pd0,t3_jw0pd0,11/17/2020,/r/iastate/comments/jw0pd0/i_fear_you/gcnifes/,"Friley Windows,"
Comment,Friley Windows forever,0,2,,jg3qkw,t3_jg3qkw,10/22/2020,/r/iastate/comments/jg3qkw/of_the_dining_centers_that_are_easily_accessible/g9otb6x/,"Friley Windows,"
Comment,"January 7 is when you can return if you didn't fill out the form to stay for break.

State Gym is open.

Windows opens tomorrow, Convos opens on Thursday, and UDM opens on Saturday.",1,15,,kp8p4v,t3_kp8p4v,1/2/2021,/r/iastate/comments/kp8p4v/moving_back_in/ghvlhr8/,"Union Drive Community Center,Conversations Dining,Friley Windows,"
Comment,"When I went there 04-08 you could get a steak for $4 dining dollars in top of the entry fee. 

I miss the UDCC. Freakin amazing. ",1,1,,t2f3g,t3_t2f3g,5/1/2012,/r/iastate/comments/t2f3g/monthly_steak_at_udcc/c4j1757/,"Union Drive Community Center,"
Comment,"I emailed dining, yeah. Just got Convos and it was quick and pretty good

only thing is is you can only use 10 swipes a week on takeout meals",1,6,,ibjz9t,t1_g1w7rip,8/17/2020,/r/iastate/comments/ibjz9t/dining_halls/g1w88y8/,"Conversations Dining,"
Comment,"I have heard similar things from dining employees, but when I actually called dining up earlier this week they stated that they were still evaluating whether or not Conversations should be open next year.",0,1,,n1n4jl,t1_gwf2dx4,4/30/2021,/r/iastate/comments/n1n4jl/attention_dining_enthusiasts_join_the_petition_to/gwgc66t/,"Conversations Dining,"
Comment,"Do you like the majority of the food served at the UDCC?

How much does a student manager make compared to a regular student worker?

In your honest opinion, do you think there are large, glaring inefficiencies at the dining centers?  Could the meal prices be cheaper?",1,1,,t2q23,t3_t2q23,5/4/2012,/r/iastate/comments/t2q23/iama_udcc_student_manager_ama/c4k2ge5/,"Union Drive Community Center,"
Comment,How tf is seasons beating windows,0,11,,jg3qkw,t3_jg3qkw,10/22/2020,/r/iastate/comments/jg3qkw/of_the_dining_centers_that_are_easily_accessible/g9oq5a1/,"Seasons Marketplace,Friley Windows,"
Comment,I can confirm this happens. I got talked to bc I gave a guy 3 servings if beef with his rice at UDM,0,12,,l6jse3,t1_gl1pjmf,1/28/2021,/r/iastate/comments/l6jse3/isu_dining_killed_convos_and_probably_the_rest_of/gl3mvd8/,"Union Drive Community Center,"
Comment,"This is why Windows is the worst dining center on campus, except when it's Nacho Day. Always doing stupid shit over there",0,9,,mhy2fs,t3_mhy2fs,4/1/2021,/r/iastate/comments/mhy2fs/windows_taco_meat_with_raisins/gt2mt6b/,"Friley Windows,"
Comment,"Great story! I remember during my freshman year, I was at Windows with some of my friends for late night crepe night. I had just put down my food at our table and walked over to the drink station, when somebody cut me in line. I was in a good mood that day, and didn't end up saying anything about him budging, but as his cup was starting to fill up, he didn't remove his cup from the dispenser like you're supposed to. Cherry Coke started spilling all over the floor and down his arm, and my jaw dropped in shock. He just looked over at me and smiled with his overflowing cup still under the drink dispenser, and I think one of his friends laughed from a distance. To this day, I still have no idea what was going on, but I assume he either lost a bet or was pulling a prank ðŸ˜‚ Your story just reminded me of this memory, and I thought that I'd share a dining hall tale too lol ðŸ˜‚",0,18,,jw7lnl,t3_jw7lnl,11/17/2020,/r/iastate/comments/jw7lnl/tales_from_the_dining_hall/gcotym0/,"Friley Windows,"
Comment,"Yeah, lines at Seasons sucked before everyone needed to be served, I can't imagine it now. It also sounds like Seasons needs to get their stuff together. The best way to see change is emailing Dining, they're super open to criticism. Until then, Convos/UDM are probably your best bet getting a safe, quick meal.",1,16,,ibjz9t,t1_g1w5v45,8/17/2020,/r/iastate/comments/ibjz9t/dining_halls/g1w7rip/,"Union Drive Community Center,Seasons Marketplace,Conversations Dining,"
Comment,"I lived in Helser. Welcome to ISU!

Meal Plans - you have to have one. Get the smallest available, trust me you will probably have plenty and if not can buy more. There is a certain time frame to switch meal plans so keep an eye on that but start with the smallest. iirc meals expire at the semester and dining dollars expire at the year. Dining dollars buy you stuff in the convenience store and other places around campus so if you still have some left at the end of the semester you can buy non perishable foods or the non food items (staples and ibuprofen and stuff like that.)

The 2 main dining centers are in the UDCC (big building right there, can't miss it. you will also get mail and packages here). First is the one upstairs (Union Drive Marketplace) I was never much of an early riser so I didn't have breakfast often but a selection of donuts, eggs, pancakes, waffles (make your own any time of day), and other breakfasty stuff was all okay. They have different stations with different foods. you can check out the website to see whats one the menu for each of the different places. http://www.dining.iastate.edu/menus
In general I thought their food was run through a ""de-flavorizer"". The pizza can often be undercooked and they managed to ruin pancakes for me once. PANCAKES. thats some skill right there (or severe lack of) but for the most part it was a solid OK to MEH. They do have a soft serve ice cream/fro yo thing so beware the Freshman 15. 

Second up is Clyde's. I prefered to eat there. You can order online (idr the website, look for it when you walk in or ask) to avoid the line. Godfather's pizza and overall food quality is slightly better, if not the choice of a buffet. You get entree, drink, and 2? sides. Often I saved a side or two in my mini fridge for the days you don't want to leave the building for food and was still satisfied. 

When it comes down to it dorms and meal bundles are way expensive. I paid something like $7,000 or so my freshman year on just housing and food. Break down your meal bundle to the price per meal, its probably upwards of $6-7 a meal. That's almost restaurant prices. How many of those meals are spent on a single bowl of cereal? Right now I live in UV, and pay $2700 a year for apt with all utilities paid (dated and has its problems but by fair best price you can get in ames) except gas. I'm not great about marking exactly what I spend on what but I guarantee I haven't spent even close to $4300 on food. Hell I'd be surprised if it was greater than $1500. That's almost three grand in savings right there. I don't have to get dressed and leave my space if I want to go get food. I can eat on my hours, not only when dining center is open, and have what I want made how I like it. I have my own bedroom and we have a full kitchen and living room. We have a fenced in patio (abiet not huge). Dorms are great for your first year, but sophomore year you should definitely look into UV or other options. 

Sorry for the long post. I'l be happy to answer any questions

**TL:DR** MEH, go to clyde's, expensive go UV instead sophomore year.",2,6,,4csd5v,t3_4csd5v,3/31/2016,/r/iastate/comments/4csd5v/how_are_foods_from_isu_dining_hall/d1lcywn/,"Union Drive Community Center,"
Comment,"udm gets a lul 9-10, 1:30-2:30, and 4:30-6:30. windows i'd assume is similar, but i can't be sure. source: i was a manager at udm",0,1,,1i5cka3,t3_1i5cka3,1/19/2025,/r/iastate/comments/1i5cka3/least_busiest_times_in_dining_halls/m838gbu/,"Friley Windows,"
Comment,"Important to note that windows closes from 7 to 7:30 when they switch over to late night, so get there before or after otherwise you're waiting in the cold lol",0,2,,1i5cka3,t1_m838r7q,1/20/2025,/r/iastate/comments/1i5cka3/least_busiest_times_in_dining_halls/m85tnh1/,"Friley Windows,"
Comment,"UDCC should be open 24/7, and be reserved for students+student guests during lunch time. It's very fucking annoying when you have 30 minutes to have lunch because of classes, and you can't because the whole thing is crawling with old folks and there are no tables available. The current students should 100% of the time have the priority",0,6,,e04bwa,t3_e04bwa,11/23/2019,/r/iastate/comments/e04bwa/isu_dining/f8f1psx/,"Union Drive Community Center,"
Comment,"But, in my experience, it was far worse at udcc than anywhere else. 

Windows is great because it means that if I'm hungry at 12 I don't have wait an hour till the rush dies, I don't have to go the other side of campus to get food. I can just go to Windows or udcc and I have been able to find seating at both within about 5 minutes tops.

Last year there were multiple times when I walked around udcc looking for seating for literally 15 minutes. Eventually I just gave up and decided to ride the bus to seasons and back to Central campus because it was less of a hassle.",0,1,,76w7yc,t1_dohb1vv,10/17/2017,/r/iastate/comments/76w7yc/working_at_dining_halls/dohbe60/,"Union Drive Community Center,Seasons Marketplace,Friley Windows,"
Comment,"How the did coffee in convos ever amount to hundreds of thousands? Most expensive thing is the hourly wage they paid the barista during peak times when the ice cream scooper couldn't do both? Coffee is cheap, the markup at a coffee shop is insane.",0,7,,9rbsyq,t1_e8fxzuh,10/25/2018,/r/iastate/comments/9rbsyq/how_can_isu_dining_every_year_cut_out_more_and/e8g4giv/,"Conversations Dining,"
Comment,You will probably be able to find something in Union Drive - just keep checking AccessPlus for openings.,0,4,,ubgx2,t3_ubgx2,5/30/2012,/r/iastate/comments/ubgx2/future_cyclone_with_housing_problemquestion/c4u2e20/,"Union Drive Community Center,"
Comment,they remodeled it and everything. No fucking reason to put another dining hall next to UDCC imo. I think it would have been better to put a dining hall in the new residence hall next to Buchanan now that they changed the meal plans.,3,2,,76w7yc,t1_doh6sze,10/17/2017,/r/iastate/comments/76w7yc/working_at_dining_halls/doh7k7x/,"Union Drive Community Center,"
Comment,Convos has goated chipotle mayo. Shame it's get and go now instead of dine in...,0,1,,1e939mz,t3_1e939mz,7/22/2024,/r/iastate/comments/1e939mz/best_dining_centers_on_campus/lehyyxk/,"Conversations Dining,"
Comment,"Ya they have not been good about handling finances... It's not uncommon to see more employees then people eating at Clyde's. They give out meals to hundreds of students and parents touring campus, all of which cost money. During the first part of the semester they even had all you can eat shrimp in the UDC.",0,3,,9rbsyq,t1_e8foh4z,10/25/2018,/r/iastate/comments/9rbsyq/how_can_isu_dining_every_year_cut_out_more_and/e8gjp6d/,"Union Drive Community Center,"
Comment,Ty. Do you know if UDM is less busy near 7?,1,1,,1i5cka3,t1_m82naax,1/19/2025,/r/iastate/comments/1i5cka3/least_busiest_times_in_dining_halls/m82nwzu/,"Union Drive Community Center,"
Comment,"I'm unpopular for this one but I genuinely prefer seasons. It has the most breakfast options and serves those throughout the day, plus there's always pizza and pasta. I generally like the options there. The best quality dining hall is windows, but as a picky eater I typically struggle to find anything I like there",0,3,,1e939mz,t3_1e939mz,7/24/2024,/r/iastate/comments/1e939mz/best_dining_centers_on_campus/lepph0y/,"Seasons Marketplace,Friley Windows,"
Comment,"I work at UDM and it's not that bad but I'm gonna be honest. The first few days were horrible. They barely explain what you're suppose to do and they don't give you trainers. 

Shifts are only like 3 hours long and you get free meals so can't complain too much.",0,4,,5489bh,t3_5489bh,9/23/2016,/r/iastate/comments/5489bh/whats_it_like_working_at_the_dining_center/d7zsd66/,"Union Drive Community Center,"
Comment,"ISU Dining is actually planning to open Convos as normal next year! :)
Source: I talked to one of the Dining people at a tabling they were doing.",1,12,,n1n4jl,t3_n1n4jl,4/30/2021,/r/iastate/comments/n1n4jl/attention_dining_enthusiasts_join_the_petition_to/gwf2dx4/,"Conversations Dining,"
Comment,That's got nothing to do with seasons or convos. The bakery makes all of the desserts and sends them to us so it's up to them on what they make. I haven't seen tres leches cake in two years. ,0,2,,apnr9l,t1_egaa36l,2/12/2019,/r/iastate/comments/apnr9l/the_great_dining_hall_conspiracy/egavx5y/,"Seasons Marketplace,Conversations Dining,"
Comment,As an employee of UDCC it happens,1,2,,l6jse3,t1_gl1q107,1/28/2021,/r/iastate/comments/l6jse3/isu_dining_killed_convos_and_probably_the_rest_of/gl3mxft/,"Union Drive Community Center,"
Comment,"Dining student from windows - 

I can say for sure that everyone is frustrated with it, including the cooks and students, but many apologies. I believe one part of it is the pandemic making supply and demand difficult (can confirm that seasons is also struggling, wish we could help).

But for us specifically, we lost important employees right before and as the pandemic began. One of our two managers is working down at Storms with some sort of team for management during the pandemic (temporarily), and our head cook retired this year. Its difficult to count numbers when understaffed, and the cooks we have are trying their best with the time they have (cant go over a certain amount of hours, university policy i believe).

I cant say anything for any other dining centers, but at windows we are trying our best with what help we've got. But like still,, thanks for being patient, much appreciated,,",0,3,,iwpgg6,t3_iwpgg6,9/23/2020,/r/iastate/comments/iwpgg6/food_shortages_at_dining_centers/g6bex51/,"Seasons Marketplace,Friley Windows,"
Comment,"I just started working at Seasons making breakfast sandwiches. We didn't have any boxes that I see. We also have to pick up hot sandwiches & meats with just thin plastic gloves. Manager/chef sounded like there was nothing we could do. I suggested tongs or utensils, got blank stare. I worked a crappy fast food place in highschool & it was run better. Thoroughly surprised at how subpar everything is.",2,2,,ibjz9t,t1_g1w5v45,8/17/2020,/r/iastate/comments/ibjz9t/dining_halls/g1y3cgl/,"Seasons Marketplace,"
Comment,At least they aren't voting UDCC,0,3,,jg3qkw,t1_g9pajzn,10/22/2020,/r/iastate/comments/jg3qkw/of_the_dining_centers_that_are_easily_accessible/g9pe1kp/,"Union Drive Community Center,"
Comment,"I work at UDCC right now, and honestly it's fine. When you first apply they'll ask you for your class schedule and and clubs/extracurriculars that you're in and then do their best to schedule around those. You'll also then have the same work schedule for the rest of the semester. 

Most days the work's pretty easy and most people that work there are really nice. Also the meal benefit for 3+ hr shifts is super nice.",0,5,,5489bh,t3_5489bh,9/23/2016,/r/iastate/comments/5489bh/whats_it_like_working_at_the_dining_center/d7zs4ri/,"Union Drive Community Center,"
Comment,"happened at Seasons recently, too",0,7,,pgrcmq,t3_pgrcmq,9/2/2021,/r/iastate/comments/pgrcmq/udcc/hbdfhvz/,"Seasons Marketplace,"
Comment,">Some kid is going to waste thousands of dollars because of your terrible advice. 

Dude, I'm the one saying to buy cheap groceries rather than use dining dollars to buy snacks. You're advice is to buy more dining dollars, which costs more.

>There's a ton more that goes into grocery shopping when you live in a dorm

The only difficult thing is getting a fridge in your apartment, but that's not even hard. How is buying apples, nuts, yogurt and eating them so hard?

>Jimmy Johns and having it delivered to you

again, fast food is bad for you. Jimmy Johns has a lot of bread and processed meat. Also, I thought you liked variety, and that was one reason you hated the UDCC? Jimmy Johns is not that much cheaper than a meal at the UDCC, either. (going on the $7.43 meal).

You may not be aware of this, but the first advise financially struggling people often get is to not buy fast food. Fast food is usually much more expensive than buying groceries and cooking yourself, contrary to what you would think. (not to mention the lack of nutrition)",1,2,,4csd5v,t1_d1ldjya,3/31/2016,/r/iastate/comments/4csd5v/how_are_foods_from_isu_dining_hall/d1leet6/,"Union Drive Community Center,"
Comment,go to windows,1,7,,ajrv2s,t3_ajrv2s,1/25/2019,/r/iastate/comments/ajrv2s/udcc_pizza/eey6z46/,"Friley Windows,"
Comment,"In terms of dining halls, UDCC is hands down the best, but due to extracurriculars I always ended up at Windows for the Late Night options. But if you download the GET Mobile App, you can use a dining hall swipe to get a sandwich from the West Side Market and not have to use your dining dollars. You can also use a swipe to get a smoothie on the app from State Gym. I literally lived off of both of those.",0,2,,1e939mz,t3_1e939mz,7/22/2024,/r/iastate/comments/1e939mz/best_dining_centers_on_campus/leht0zs/,"Union Drive Community Center,Friley Windows,"
Comment,Udcc and friley fs. Seasons missed the mark a lot. Got sick of them all after a month tho ðŸ˜…,0,3,,1e939mz,t3_1e939mz,7/22/2024,/r/iastate/comments/1e939mz/best_dining_centers_on_campus/ledqap8/,"Union Drive Community Center,Seasons Marketplace,"
Comment,">Man you are like the world's biggest college dining center fan. 

I'm just opposed to your idea that getting more dining dollars is a good idea, if I understand you correctly. And I don't think 1 UDCC meal per day is advisable for the general freshman body, at least in the certain terms that you state it.

> I never met one person in Friley or MWL or anywhere that got too few meals and complained about not having enough swipes.

It was their decision to get that many meals. They're probably just replacing their meal with snacks, pizza, beer, coffee etc.",1,1,,4csd5v,t1_d1lcqoi,3/31/2016,/r/iastate/comments/4csd5v/how_are_foods_from_isu_dining_hall/d1ldx9d/,"Union Drive Community Center,"
Comment,Everytime I've eaten windows pizza the crust is simultaneously burned and raw at the same time. ,0,2,,ajrv2s,t1_eey960u,1/26/2019,/r/iastate/comments/ajrv2s/udcc_pizza/ef2lr2z/,"Friley Windows,"
Comment,"I work at UDCC, there is a deep worker shortage, so in order for us students to not get out at unreasonably late times (which we were for the first week), serving on paper plates allows the dish room to focus on cleaning pans which is what was keeping us so late.",1,45,,pgrcmq,t3_pgrcmq,9/2/2021,/r/iastate/comments/pgrcmq/udcc/hbdfxsw/,"Union Drive Community Center,"
Comment,I believe friley windows is trying to use the Ice Cream Machines. Not sure if they are running yet or not,0,9,,wuyu3j,t3_wuyu3j,8/22/2022,/r/iastate/comments/wuyu3j/where_did_the_ice_cream_go/ilcjpqm/,"Friley Windows,"
Comment,and better pizza than UDCC,2,1,,ajrv2s,t1_eey7xbh,1/25/2019,/r/iastate/comments/ajrv2s/udcc_pizza/eey960u/,"Union Drive Community Center,"
Comment,I'm pretty sure he's genuine. I've seen this guy at UDM or at least someone who fits all the criteria,1,3,,9dvwtl,t1_e5kl6t9,9/7/2018,/r/iastate/comments/9dvwtl/on_dining_hall_etiquette/e5kpz88/,"Union Drive Community Center,"
Comment,Udcc has definitely gone down hill. I can't eat their or I leave hungry.,0,5,,apnr9l,t1_egaezo5,2/12/2019,/r/iastate/comments/apnr9l/the_great_dining_hall_conspiracy/egb3083/,"Union Drive Community Center,"
Comment,"This has been a problem for a couple years. I've stop eating at the west side dining areas completely. When I  lived on campus in 2018-19 the food at udcc was really good in the fall. Burgers, grilled cheese or chicken tenders at least 4-5 days a week. Suddenly the pizza became greasy dough with tomato water and whatever that gooey stuff on top it is. The foods I listed would maybe show up 2 times a week. And when they served it it would be gone by 1pm. I almost never eat before 2pm so I would pay for my meal walk in and see that the only things left were a halal hot dog and vegan tenders. As a picky eater It's not worth a swipe to go in to these dining centers only to find the only thing left that's appetizing is the cereal bar. This year I've been exclusively going to convos and the mu because of they don't have what I want I can leave before I waste money on something I don't want. If they stop the take out options after the pandemic then I probably won't get a meal plan again. It just feels like the quality goes down each semester but the price goes up. The only reason $11 for a meal is worth it is because its convenient.",1,2,,iwpgg6,t3_iwpgg6,9/21/2020,/r/iastate/comments/iwpgg6/food_shortages_at_dining_centers/g6308h3/,"Union Drive Community Center,Conversations Dining,"
Comment,"The real shame is the gutting of the meal plan. I hardly ever ate at the dining hall because I could go the MU, or get a late night bundle from Convos, or a hot dog from West Side. That's where all the good food is unfortunately.",0,2,,d68qub,t3_d68qub,9/19/2019,/r/iastate/comments/d68qub/windows_is_the_worst_place_to_eat/f0t669m/,"Conversations Dining,"
Comment,Anyone notice the food at windows go down hill? Anyone know if they have a new cook this year?,0,1,,d68qub,t3_d68qub,9/19/2019,/r/iastate/comments/d68qub/windows_is_the_worst_place_to_eat/f0u2sk1/,"Friley Windows,"
Comment,Convos is trash wym,1,-2,,jg3qkw,t3_jg3qkw,10/22/2020,/r/iastate/comments/jg3qkw/of_the_dining_centers_that_are_easily_accessible/g9q1lht/,"Conversations Dining,"
Comment,Friley windows is the best in my opinion,0,1,,1e939mz,t3_1e939mz,7/25/2024,/r/iastate/comments/1e939mz/best_dining_centers_on_campus/letwn8m/,"Friley Windows,"
Comment,"Jesus fuck.  I was there from 06-12.  They built seasons in MWL in 2010ish AND had just remodeled Oak-Elm.  Wallace was half full and Wilson wasnt a thing, but they had a dining facility.  What ever happened to the shitty towers getting torn down?  Did ol' Pete Englin decide to buy another mansion?  Fuck.

Before the ""new"" rec center was built in the suites parking lot, there was talk of adding another dining facility, but Friley?!  The fucking mice and cockroaches in food stores are terrible.

TL;DR.  Time does crazy things
",0,2,,76w7yc,t1_doh7k7x,10/17/2017,/r/iastate/comments/76w7yc/working_at_dining_halls/doik4gq/,"Seasons Marketplace,"
Comment,I voted UDCC bc nostalgia,0,0,,jg3qkw,t3_jg3qkw,10/23/2020,/r/iastate/comments/jg3qkw/of_the_dining_centers_that_are_easily_accessible/g9s9i7g/,"Union Drive Community Center,"
